Id,BIRTHDATE,DEATHDATE,SSN,DRIVERS,PASSPORT,PREFIX,FIRST,MIDDLE,LAST,SUFFIX,MAIDEN,MARITAL,RACE,ETHNICITY,GENDER,BIRTHPLACE,ADDRESS,CITY,STATE,COUNTY,FIPS,ZIP,LAT,LON,HEALTHCARE_EXPENSES,HEALTHCARE_COVERAGE,INCOME
c0410ba3-7b56-7cf3-43e0-a30d2f4942ca,2025-06-28,,999-98-2215,,,,Carlos172,,Heidenreich818,,,,white,nonhispanic,M,Nizhny Novgorod  Nizhny Novgorod Oblast  RU,204 Rutherford Well,Norton,Massachusetts,Bristol County,,00000,41.929199520671816,-71.21813926013708,5981.42,0.00,186325
0328800f-fd4b-ae1f-52f5-bd753fa110b4,1982-08-28,,999-39-4860,S99948558,X33718434X,Mr.,Warren653,Fritz267,Erdman779,,,M,black,nonhispanic,M,Boston  Massachusetts  US,919 Schaden Landing Apt 26,Boston,Massachusetts,Suffolk County,25025,02128,42.368272915758055,-71.05087725384116,88013.95,18564.13,131248
e6eb0392-9a20-0e59-271f-b9f2dff85d25,1969-10-26,,999-86-9701,S99925728,X99322443X,Mrs.,Alba338,,Watsica258,,Wuckert783,M,white,nonhispanic,F,Lisbon  Estremadura  PT,550 Balistreri Hollow Suite 26,Rockport,Massachusetts,Essex County,25009,01966,42.6448381844027,-70.57059967172847,339058.11,647506.41,166262
5197405d-e59a-8e7e-02f2-da6905420c44,2005-01-19,2023-11-20,999-20-7636,S99986608,,Ms.,Noreen211,,Fahey393,,,,white,nonhispanic,F,Plymouth  Massachusetts  US,164 Willms Knoll,Uxbridge,Massachusetts,Worcester County,,00000,42.03806116103557,-71.62335978183405,47184.54,4733.67,421490
4b2a4033-254b-6416-cf0d-77e302f141de,1976-03-27,,999-80-3037,S99981348,X17490418X,Ms.,Lovie151,,Koelpin146,,,S,white,nonhispanic,F,Watertown  Massachusetts  US,933 Smitham Grove Unit 93,Amherst,Massachusetts,Hampshire County,,00000,42.387282541018045,-72.5496203523377,16183.85,728696.86,1451
5bb4bc77-06fa-f2df-c637-e6384e304ddd,2010-11-08,,999-22-9697,,,,Domenic627,Alonso270,Greenholt190,,,,white,nonhispanic,M,East Bridgewater  Massachusetts  US,455 Treutel Vista Apt 25,Palmer,Massachusetts,Hampden County,25013,01079,42.23072124278006,-72.355435582605,51189.40,6478.41,123545
bf49d7e8-f8ba-d85d-f470-062dae120d6b,1970-09-19,,999-41-2565,S99928031,X56835328X,Mr.,Aron520,Mario764,Fisher429,,,W,white,nonhispanic,M,Boston  Massachusetts  US,1046 Prohaska Flat,Yarmouth,Massachusetts,Barnstable County,,00000,41.6471571645121,-70.17920491718517,358578.55,386124.74,68017
459857d6-64b3-5262-8f6b-6fc3903aa3c8,2002-06-13,,999-79-6109,S99972574,X48628788X,Ms.,Glenda787,Ellan282,Mertz280,,,,white,hispanic,F,Leominster  Massachusetts  US,799 Witting Pathway Suite 39,Boston,Massachusetts,Suffolk County,25025,02125,42.382817956292016,-71.0366355221263,164642.77,192887.19,81872
94477c89-9f26-4e0f-a6b7-9fe687ff0fec,1969-10-03,,999-59-8805,S99942868,X43320203X,Mrs.,Shaquana156,Louisa875,Gulgowski816,,Prohaska837,M,white,nonhispanic,F,Plymouth  Massachusetts  US,442 Muller Ramp,Framingham,Massachusetts,Middlesex County,25017,01701,42.32846227642522,-71.47500909738939,734392.35,407817.14,47980
edcc54e2-92d5-d680-7abf-251e27a6246d,2005-01-19,,999-54-3776,S99931064,X29219392X,Ms.,Stephany248,,Lowe577,,,,white,nonhispanic,F,Millbury  Massachusetts  US,587 Dach Viaduct,Uxbridge,Massachusetts,Worcester County,,00000,42.062705991599664,-71.5984475240215,49988.69,151078.14,421490
a7a385a6-8634-cecd-8f2a-d7233aef0f44,1953-11-08,2000-12-27,999-17-7745,S99960904,X71875794X,Mr.,Cyrus914,Roosevelt595,Heidenreich818,,,S,white,nonhispanic,M,Longmeadow  Massachusetts  US,702 Ebert Course Apt 6,New Bedford,Massachusetts,Bristol County,25005,02744,41.677604531264585,-70.9948698522528,286494.62,393008.55,41765
54a12f3d-c7c0-6c78-cbd2-959fe4bf5832,1953-11-08,,999-52-4051,S99943512,X83102251X,Mr.,Jamal145,Alvaro283,Stiedemann542,,,M,white,nonhispanic,M,Stoughton  Massachusetts  US,483 Ward Ferry Suite 34,New Bedford,Massachusetts,Bristol County,25005,02745,41.617235503951484,-70.96176749925837,200971.92,56902.93,41765
