Id,NAME,OWNERSHIP,ADDRESS,CITY,STATE_HEADQUARTERED,ZIP,PHONE,AMOUNT_COVERED,AMOUNT_UNCOVERED,REVENUE,COVERED_ENCOUNTERS,UNCOVERED_ENCOUNTERS,COVERED_MEDICATIONS,UNCOVERED_MEDICATIONS,COVERED_PROCEDURES,UNCOVERED_PROCEDURES,COVERED_IMMUNIZATIONS,UNCOVERED_IMMUNIZATIONS,UNIQUE_CUSTOMERS,QOLS_AVG,MEMBER_MONTHS
a735bf55-83e9-331a-899d-a82a60b9f60c,Medicare,GOVERNMENT,,,,,,342845.07,22556.06,76715.10,118,0,111,0,351,0,46,0,4,0.8565076289015806,468
df166300-5a78-3502-a46a-832842197811,Medicaid,GOVERNMENT,,,,,,879637.07,12003.37,4540.00,188,0,21,0,254,0,99,0,5,0.9457960592424846,468
d18ef2e6-ef40-324c-be54-34a5ee865625,Dual Eligible,GOVERNMENT,,,,,,538881.83,3010.00,1430.00,81,0,5,0,112,0,14,0,1,0.9720833431194046,144
26aab0cd-6aba-3e1b-ac5b-05c8867e762c,Humana,PRIVATE,,,,,,647435.30,629150.00,688104.00,410,0,131,0,1050,0,192,0,5,0.9796855083155424,2016
b046940f-1664-3047-bca7-dfa76be352a4,Blue Cross Blue Shield,PRIVATE,,,,,,62648.08,0.00,54300.00,0,0,0,0,0,0,0,0,3,0.0,372
d31fccc3-1767-390d-966a-22a5156f4219,UnitedHealthcare,PRIVATE,,,,,,5051.21,4178.80,12575.00,11,0,4,0,11,0,20,0,2,0.47779160444776414,24
0133f751-9229-3cfd-815f-b6d4979bdd6a,Aetna,PRIVATE,,,,,,14694.30,58801.53,22680.95,35,0,33,0,94,0,17,0,2,0.9944343430636768,228
8fa6c185-e44e-3e34-8bd8-39be8694f4ce,Cigna Health,PRIVATE,,,,,,12132.24,69949.03,47331.63,59,0,43,0,128,0,29,0,2,0.8778166926812436,276
734afbd6-4794-363b-9bc0-6a3981533ed5,Anthem,PRIVATE,,,,,,142695.37,33074.94,23000.16,35,0,20,0,103,0,12,0,2,0.9865797217803044,144
e03e23c9-4df1-3eb6-a62d-f70f02301496,NO_INSURANCE,NO_INSURANCE,,,,,,0.00,665087.47,0.00,0,194,0,36,0,509,0,98,3,0.997392947591704,780
